"clim.var","ext.rates"
0.498651282,0.151705
0.598381539,0.0915371
0.608354565,0.3106296
0.658219693,2.99999999953116e-07
0.837734155,0.278363
0.797842052,0.195817
0.718057847,0.0560876
0.733017385,0.0823945
0.897572308,0.04279
1.126951898,0.2279856
1.156870975,0.2082066
1.067113744,0
1.196763078,0.6730464
1.396223591,0.11757
